target,AFM MSA(AFM),Block MSA(AFM),Templates(AFM),AFM MSA(AF3),Block MSA(AF3),Templates(AF3)
8hsc:F_8hsc:E_8hsc:R,0.005,0.021,0.004,0.048,0.029,0.034
8djg:C_8djg:D_8djg:E,0.042,0.08,0.93,0.091,0.091,0.076
8gsf:H_8gsf:L_8gsf:A,0.007,0.005,0.008,0.003,0.003,0.003
7df1:F_7df1:J_7df1:C,0.089,0.023,0.064,0.059,0.056,0.962
7wg3:E_7wg3:A_7wg3:I,0.03,0.032,0.039,0.012,0.014,0.908
8jel:C_8jel:D_8jel:J,0.769,0.066,0.927,0.79,0.778,0.954
8pe9:H_8pe9:L_8pe9:A,0.098,0.108,0.116,0.818,0.82,0.832
7u8g:D_7u8g:E_7u8g:A,0.09,0.023,0.003,0.019,0.025,0.909
8ahn:H_8ahn:L_8ahn:A,0.103,0.059,0.006,0.043,0.033,0.044
7tpj:H_7tpj:L_7tpj:B,0.056,0.044,0.237,0.033,0.044,0.903
7wk8:C_7wk8:D_7wk8:A,0.063,0.089,0.093,0.112,0.093,0.119
8bw0:H_8bw0:L_8bw0:C,0.857,0.047,0.885,0.168,0.016,0.856
8phw:H_8phw:L_8phw:A,0.004,0.004,0.009,0.006,0.006,0.009
8av9:H_8av9:L_8av9:A,0.038,0.045,0.075,0.647,0.646,0.929
7st5:h_7st5:l_7st5:F,0.813,0.737,0.947,0.893,0.899,0.942
8gv6:G_8gv6:H_8gv6:D,0.03,0.029,0.045,0.029,0.03,0.024
7unb:H_7unb:L_7unb:R,0.063,0.049,0.895,0.051,0.044,0.889
7s07:X_7s07:Y_7s07:B,0.068,0.105,0.143,0.109,0.148,0.138
7zxk:J_7zxk:I_7zxk:A,0.045,0.553,0.935,0.022,0.025,0.96
7zxf:D_7zxf:E_7zxf:A,0.022,0.021,0.014,0.017,0.023,0.019
8fsj:H_8fsj:L_8fsj:E,0.077,0.054,0.905,0.014,0.185,0.81
7wh8:B_7wh8:A_7wh8:C,0.393,0.468,0.85,0.014,0.014,0.833
7wur:G_7wur:H_7wur:B,0.008,0.008,0.041,0.011,0.007,0.008
7w71:I_7w71:M_7w71:B,0.121,0.13,0.046,0.077,0.069,0.077
7ue9:H_7ue9:L_7ue9:C,0.013,0.015,0.297,0.042,0.011,0.323
8c7m:C_8c7m:D_8c7m:B,0.428,0.394,0.745,0.029,0.713,0.874
8tui:H_8tui:L_8tui:A,0.127,0.142,0.932,0.261,0.057,0.826
8cde:D_8cde:C_8cde:B,0.019,0.326,0.023,0.129,0.122,0.864
7yds:B_7yds:C_7yds:A,0.057,0.438,0.923,0.384,0.508,0.9
7xy8:H_7xy8:L_7xy8:A,0.019,0.014,0.044,0.587,0.07,0.854
8cz5:H_8cz5:L_8cz5:A,0.07,0.061,0.023,0.057,0.042,0.025
7u9g:G_7u9g:D_7u9g:B,0.026,0.008,0.004,0.007,0.006,0.01
7lx2:H_7lx2:L_7lx2:A,0.007,0.008,0.006,0.008,0.008,0.002
8w86:A_8w86:B_8w86:C,0.051,0.056,0.938,0.024,0.029,0.931
8so3:H_8so3:L_8so3:D,0.438,0.032,0.034,0.408,0.426,0.022
8da0:B_8da0:A_8da0:E,0.031,0.076,0.932,0.683,0.709,0.848
8slb:H_8slb:L_8slb:A,0.033,0.032,0.873,0.032,0.032,0.889
7yk4:I_7yk4:M_7yk4:B,0.256,0.085,0.896,0.239,0.288,0.467
8ol9:B_8ol9:A_8ol9:H,0.046,0.046,0.048,0.037,0.027,0.042
8blq:E_8blq:C_8blq:D,0.029,0.032,0.32,0.036,0.052,0.598
8db4:G_8db4:H_8db4:F,0.473,0.487,0.151,0.488,0.61,0.921
7tlz:B_7tlz:A_7tlz:J,0.009,0.009,0.007,0.048,0.022,0.014
8uf7:B_8uf7:A_8uf7:C,0.074,0.073,0.58,0.08,0.088,0.055
8x2l:H_8x2l:L_8x2l:B,0.002,0.086,0.002,0.638,0.002,0.881
8g4o:H_8g4o:L_8g4o:A,0.878,0.884,0.928,0.929,0.931,0.937
8de4:B_8de4:C_8de4:A,0.014,0.018,0.012,0.479,0.798,0.598
8scx:H_8scx:L_8scx:C,0.01,0.011,0.665,0.017,0.015,0.482
8gng:H_8gng:L_8gng:A,0.515,0.458,0.17,0.853,0.829,0.93
8da1:B_8da1:A_8da1:I,0.066,0.103,0.087,0.822,0.821,0.862
8hpj:E_8hpj:F_8hpj:D,0.058,0.103,0.004,0.692,0.145,0.128
7uvf:X_7uvf:Y_7uvf:B,0.807,0.067,0.056,0.061,0.067,0.034
7yms:F_7yms:E_7yms:A,0.092,0.02,0.017,0.063,0.143,0.014
7ura:H_7ura:L_7ura:A,0.005,0.005,0.005,0.913,0.898,0.914
8hry:H_8hry:L_8hry:B,0.082,0.064,0.058,0.054,0.072,0.202
8ath:H_8ath:L_8ath:A,0.04,0.037,0.066,0.333,0.395,0.716
8d1t:H_8d1t:L_8d1t:A,0.015,0.017,0.008,0.123,0.019,0.739
7x40:H_7x40:L_7x40:C,0.019,0.038,0.016,0.013,0.013,0.013
8dke:A_8dke:B_8dke:P,0.01,0.01,0.003,0.073,0.062,0.898
7tn9:A_7tn9:B_7tn9:U,0.011,0.012,0.008,0.02,0.448,0.859
7t82:H_7t82:L_7t82:B,0.015,0.015,0.014,0.01,0.011,0.014
8trs:A_8trs:G_8trs:D,0.578,0.024,0.023,0.121,0.903,0.909
8caf:B_8caf:A_8caf:H,0.075,0.078,0.057,0.124,0.079,0.107
8dg9:H_8dg9:L_8dg9:A,0.019,0.006,0.006,0.026,0.01,0.008
7tn9:Q_7tn9:R_7tn9:V,0.031,0.051,0.022,0.022,0.018,0.025
7t87:H_7t87:L_7t87:A,0.022,0.005,0.012,0.06,0.085,0.015
8d5c:H_8d5c:L_8d5c:D,0.018,0.021,0.015,0.021,0.02,0.026
7yv1:H_7yv1:L_7yv1:A,0.045,0.08,0.948,0.034,0.037,0.057
7yp1:D_7yp1:G_7yp1:A,0.029,0.025,0.006,0.027,0.043,0.021
8j7u:E_8j7u:C_8j7u:A,0.141,0.042,0.015,0.175,0.165,0.737
8e6k:H_8e6k:L_8e6k:A,0.01,0.01,0.01,0.022,0.016,0.011
7zoz:H_7zoz:L_7zoz:A,0.105,0.088,0.967,0.098,0.056,0.933
8ejj:H_8ejj:L_8ejj:c,0.029,0.056,0.021,0.026,0.022,0.297
8g3z:E_8g3z:F_8g3z:D,0.074,0.055,0.904,0.284,0.215,0.909
7up9:H_7up9:L_7up9:G,0.032,0.027,0.004,0.023,0.044,0.913
7zmk:J_7zmk:K_7zmk:L,0.027,0.037,0.036,0.037,0.034,0.032
7ox1:H_7ox1:L_7ox1:X,0.034,0.031,0.012,0.031,0.028,0.038
8hii:H_8hii:L_8hii:A,0.038,0.025,0.017,0.002,0.002,0.013
8dua:D_8dua:E_8dua:A,0.034,0.038,0.045,0.04,0.04,0.023
7sk8:F_7sk8:E_7sk8:A,0.004,0.004,0.942,0.004,0.004,0.932
7fbi:H_7fbi:L_7fbi:A,0.009,0.009,0.004,0.449,0.476,0.006
7yp2:H_7yp2:L_7yp2:A,0.724,0.701,0.01,0.801,0.791,0.847
8fjb:E_8fjb:D_8fjb:A,0.07,0.029,0.093,0.014,0.014,0.055
8j7e:A_8j7e:B_8j7e:F,0.055,0.087,0.885,0.095,0.048,0.943
8der:X_8der:Y_8der:B,0.005,0.005,0.004,0.004,0.005,0.004
7uja:B_7uja:D_7uja:A,0.011,0.009,0.221,0.014,0.01,0.498
8epa:H_8epa:L_8epa:I,0.701,0.049,0.084,0.035,0.026,0.025
8xej:H_8xej:L_8xej:X,0.005,0.005,0.006,0.006,0.005,0.006
8jlw:H_8jlw:L_8jlw:A,0.015,0.015,0.153,0.762,0.025,0.128
7y3n:H_7y3n:L_7y3n:A,0.033,0.03,0.059,0.025,0.298,0.017
8t03:C_8t03:D_8t03:A,0.018,0.018,0.018,0.825,0.021,0.905
8caf:D_8caf:C_8caf:G,0.073,0.031,0.034,0.055,0.043,0.041
8gh4:H_8gh4:L_8gh4:E,0.014,0.017,0.026,0.022,0.018,0.026
7yru:H_7yru:L_7yru:A,0.05,0.052,0.07,0.039,0.097,0.034
7txw:H_7txw:L_7txw:A,0.029,0.027,0.075,0.03,0.03,0.032
7urx:H_7urx:L_7urx:C,0.296,0.249,0.032,0.052,0.077,0.717
7t4g:H_7t4g:L_7t4g:A,0.011,0.009,0.013,0.066,0.101,0.914
7fah:C_7fah:D_7fah:B,0.775,0.77,0.919,0.815,0.809,0.91
8ghp:H_8ghp:L_8ghp:A,0.013,0.029,0.006,0.006,0.006,0.742
7zqt:C_7zqt:D_7zqt:A,0.004,0.004,0.009,0.006,0.004,0.922
8f6i:F_8f6i:E_8f6i:B,0.022,0.028,0.018,0.565,0.569,0.012
7t0l:G_7t0l:K_7t0l:E,0.035,0.04,0.01,0.034,0.034,0.009
8dcy:A_8dcy:B_8dcy:C,0.73,0.734,0.018,0.064,0.073,0.783
7srs:Q_7srs:P_7srs:R,0.004,0.004,0.793,0.033,0.004,0.715
7yp1:D_7yp1:G_7yp1:B,0.124,0.1,0.009,0.111,0.102,0.01
8acf:H_8acf:L_8acf:A,0.666,0.671,0.211,0.478,0.204,0.045
8u4v:H_8u4v:L_8u4v:A,0.073,0.088,0.086,0.292,0.027,0.889
8fgx:B_8fgx:A_8fgx:C,0.048,0.044,0.079,0.04,0.033,0.034
8dl7:D_8dl7:C_8dl7:A,0.12,0.656,0.357,0.69,0.687,0.832
7sk8:D_7sk8:C_7sk8:B,0.057,0.468,0.083,0.083,0.134,0.833
7z2m:D_7z2m:C_7z2m:G,0.256,0.235,0.905,0.027,0.053,0.027
7t25:A_7t25:B_7t25:C,0.011,0.015,0.02,0.061,0.061,0.019
7vng:H_7vng:L_7vng:D,0.046,0.046,0.027,0.589,0.418,0.821
7str:H_7str:L_7str:C,0.646,0.621,0.895,0.59,0.566,0.935
7ty0:J_7ty0:N_7ty0:D,0.007,0.009,0.045,0.037,0.026,0.005
8f5n:H_8f5n:L_8f5n:A,0.011,0.011,0.009,0.141,0.009,0.892
8dfi:H_8dfi:L_8dfi:A,0.057,0.091,0.068,0.048,0.061,0.071
7tpd:H_7tpd:L_7tpd:A,0.047,0.047,0.005,0.07,0.073,0.841
7urf:O_7urf:P_7urf:A,0.056,0.043,0.038,0.043,0.237,0.822
8jhc:H_8jhc:L_8jhc:R,0.009,0.008,0.005,0.005,0.005,0.019
8bk2:H_8bk2:L_8bk2:A,0.134,0.839,0.008,0.869,0.88,0.919
8jnk:L_8jnk:P_8jnk:C,0.06,0.057,0.929,0.056,0.064,0.584
8tfn:H_8tfn:L_8tfn:B,0.008,0.06,0.039,0.045,0.046,0.043
8f5i:X_8f5i:Y_8f5i:A,0.593,0.571,0.837,0.676,0.614,0.942
8hlb:B_8hlb:C_8hlb:A,0.024,0.024,0.055,0.092,0.032,0.014
8tco:E_8tco:D_8tco:A,0.012,0.002,0.003,0.002,0.002,0.004
8a44:C_8a44:D_8a44:A,0.017,0.017,0.869,0.019,0.017,0.779
7wn8:P_7wn8:Q_7wn8:C,0.541,0.064,0.179,0.067,0.07,0.114
8ds5:C_8ds5:B_8ds5:A,0.131,0.052,0.123,0.078,0.649,0.023
7usl:H_7usl:L_7usl:C,0.012,0.009,0.01,0.796,0.806,0.91
7wsi:H_7wsi:L_7wsi:A,0.045,0.029,0.224,0.033,0.028,0.858
8tco:F_8tco:G_8tco:C,0.03,0.087,0.931,0.053,0.03,0.805
8dn6:E_8dn6:F_8dn6:B,0.016,0.017,0.027,0.019,0.019,0.015
7uvq:C_7uvq:B_7uvq:A,0.038,0.034,0.875,0.028,0.028,0.83
8p8j:F_8p8j:E_8p8j:A,0.002,0.002,0.57,0.002,0.002,0.013
7y1b:H_7y1b:L_7y1b:A,0.79,0.757,0.91,0.86,0.847,0.91
7umn:H_7umn:L_7umn:A,0.33,0.337,0.618,0.067,0.65,0.05
7tuf:H_7tuf:L_7tuf:D,0.233,0.344,0.345,0.037,0.181,0.015
7zwm:G_7zwm:H_7zwm:F,0.031,0.023,0.923,0.022,0.011,0.947
7qu2:A_7qu2:B_7qu2:C,0.064,0.096,0.043,0.068,0.038,0.039
7yoy:E_7yoy:I_7yoy:C,0.773,0.521,0.057,0.455,0.452,0.781
8r8d:H_8r8d:L_8r8d:A,0.296,0.174,0.023,0.295,0.297,0.906
8awm:H_8awm:L_8awm:A,0.12,0.19,0.225,0.029,0.025,0.017
7quh:H_7quh:L_7quh:A,0.142,0.11,0.01,0.661,0.504,0.069
8euq:I_8euq:H_8euq:G,0.011,0.011,0.039,0.026,0.021,0.039
8hc7:H_8hc7:L_8hc7:C,0.016,0.014,0.023,0.033,0.024,0.004
7u5b:H_7u5b:L_7u5b:I,0.034,0.027,0.041,0.104,0.033,0.854
7vgr:D_7vgr:C_7vgr:A,0.029,0.032,0.79,0.034,0.026,0.78
8thn:A_8thn:B_8thn:C,0.686,0.704,0.017,0.87,0.876,0.974
8tlm:A_8tlm:B_8tlm:C,0.019,0.222,0.04,0.654,0.629,0.882
8eed:H_8eed:L_8eed:A,0.076,0.057,0.006,0.002,0.002,0.005
8dyx:H_8dyx:L_8dyx:I,0.041,0.039,0.549,0.022,0.022,0.02
8d7e:F_8d7e:G_8d7e:C,0.017,0.017,0.015,0.024,0.008,0.01
7z4t:H_7z4t:L_7z4t:I,0.051,0.044,0.052,0.82,0.819,0.897
7s7i:I_7s7i:M_7s7i:B,0.059,0.064,0.037,0.787,0.716,0.048
7sbz:H_7sbz:L_7sbz:C,0.235,0.037,0.899,0.019,0.054,0.884
8djm:H_8djm:L_8djm:B,0.037,0.017,0.053,0.038,0.025,0.886
7tuy:H_7tuy:L_7tuy:R,0.015,0.024,0.005,0.017,0.02,0.016
8dww:H_8dww:L_8dww:N,0.018,0.018,0.004,0.012,0.011,0.012
7yxu:H_7yxu:L_7yxu:A,0.024,0.018,0.012,0.012,0.02,0.018
7r58:H_7r58:L_7r58:A,0.017,0.016,0.013,0.011,0.02,0.926
8djm:H_8djm:L_8djm:A,0.014,0.043,0.004,0.025,0.025,0.099
8gq1:H_8gq1:L_8gq1:C,0.802,0.789,0.009,0.742,0.814,0.101
8oxx:B_8oxx:C_8oxx:A,0.005,0.005,0.005,0.207,0.25,0.009
8dpl:F_8dpl:G_8dpl:I,0.033,0.04,0.023,0.398,0.421,0.873
8cyh:H_8cyh:L_8cyh:M,0.009,0.009,0.011,0.008,0.007,0.76
8dmh:F_8dmh:E_8dmh:A,0.029,0.019,0.044,0.022,0.023,0.025
8dk6:H_8dk6:L_8dk6:E,0.024,0.03,0.006,0.041,0.043,0.039
8c7h:L_8c7h:K_8c7h:I,0.058,0.005,0.009,0.006,0.006,0.006
8hit:A_8hit:B_8hit:C,0.046,0.098,0.074,0.047,0.047,0.047
7ur4:F_7ur4:G_7ur4:B,0.009,0.011,0.946,0.727,0.251,0.923
8ipc:H_8ipc:L_8ipc:A,0.336,0.335,0.865,0.332,0.331,0.928
8dz3:H_8dz3:L_8dz3:I,0.125,0.182,0.467,0.05,0.033,0.036
8il3:B_8il3:A_8il3:C,0.028,0.034,0.029,0.146,0.148,0.132
8c7h:L_8c7h:K_8c7h:D,0.017,0.015,0.188,0.013,0.012,0.011
8dg8:H_8dg8:L_8dg8:B,0.012,0.01,0.008,0.005,0.011,0.008
8ag1:H_8ag1:L_8ag1:A,0.542,0.61,0.835,0.675,0.672,0.035
8df1:M_8df1:N_8df1:B,0.028,0.029,0.021,0.04,0.038,0.02
7sx6:H_7sx6:L_7sx6:G,0.628,0.592,0.019,0.628,0.746,0.034
7x26:H_7x26:K_7x26:I,0.397,0.622,0.849,0.537,0.573,0.721
7sbg:H_7sbg:L_7sbg:C,0.681,0.076,0.804,0.056,0.71,0.635
8ag1:h_8ag1:l_8ag1:a,0.743,0.721,0.032,0.059,0.039,0.882
8esv:H_8esv:L_8esv:A,0.004,0.004,0.004,0.685,0.687,0.005
7t92:H_7t92:L_7t92:B,0.005,0.005,0.017,0.039,0.031,0.084
8cn9:G_8cn9:F_8cn9:I,0.018,0.017,0.016,0.021,0.017,0.003
8b7h:H_8b7h:L_8b7h:A,0.348,0.602,0.652,0.655,0.65,0.759
8gy5:H_8gy5:L_8gy5:P,0.056,0.06,0.93,0.636,0.654,0.71
8tco:E_8tco:D_8tco:B,0.014,0.013,0.018,0.013,0.012,0.017
8diu:G_8diu:C_8diu:D,0.009,0.009,0.932,0.731,0.534,0.949
7sjn:D_7sjn:E_7sjn:B,0.149,0.049,0.78,0.796,0.797,0.816
8j9k:D_8j9k:B_8j9k:C,0.008,0.012,0.049,0.024,0.008,0.733
8tea:H_8tea:G_8tea:C,0.107,0.094,0.835,0.695,0.167,0.832
8dn7:D_8dn7:H_8dn7:E,0.151,0.319,0.877,0.197,0.314,0.885
7x8p:F_7x8p:E_7x8p:D,0.482,0.577,0.097,0.628,0.606,0.898
7zlk:H_7zlk:L_7zlk:D,0.034,0.01,0.007,0.029,0.027,0.013
8gsp:H_8gsp:L_8gsp:3,0.04,0.07,0.018,0.23,0.181,0.011
8tea:F_8tea:I_8tea:D,0.116,0.103,0.189,0.022,0.023,0.823
8f6o:A_8f6o:B_8f6o:C,0.11,0.064,0.942,0.072,0.676,0.843
Mean,0.1424,0.1317,0.262,0.2137,0.2126,0.4359
