target,Full-Chain(ab),Interface(ab),Non-interface(ab),Full-Chain(ag),Interface(ag),Non-interface(ag)
8hsc:F_8hsc:E_8hsc:R,0.8309,0.7115,0.8974,0.9275,0.7838,0.9102
8djg:C_8djg:D_8djg:E,0.8902,0.7485,0.894,0.9841,0.7426,0.9803
8gsf:H_8gsf:L_8gsf:A,0.9257,0.5548,0.8514,0.8906,0.3186,0.9197
7df1:F_7df1:J_7df1:C,0.9927,0.8319,0.9954,0.984,0.3118,0.9844
7wg3:E_7wg3:A_7wg3:I,0.9644,0.8114,0.9622,0.8192,0.2053,0.8477
8jel:C_8jel:D_8jel:J,0.7391,0.9691,0.7423,0.9653,0.8631,0.9392
8pe9:H_8pe9:L_8pe9:A,0.9843,0.6955,0.9847,0.9825,0.7845,0.9742
7u8g:D_7u8g:E_7u8g:A,0.9674,0.7643,0.9768,0.9856,0.6008,0.9853
8ahn:H_8ahn:L_8ahn:A,0.8133,0.9134,0.8298,0.9667,0.7632,0.9597
7tpj:H_7tpj:L_7tpj:B,0.9725,0.8023,0.8361,0.9444,0.6289,0.9448
7wk8:C_7wk8:D_7wk8:A,0.9764,0.6127,0.979,0.7591,0.3346,0.5627
8bw0:H_8bw0:L_8bw0:C,0.9738,0.7346,0.9658,0.9505,0.4418,0.9326
8phw:H_8phw:L_8phw:A,0.9302,0.5639,0.9388,0.9787,0.9152,0.9786
8av9:H_8av9:L_8av9:A,0.778,0.9857,0.7898,0.9436,0.8998,0.9257
7st5:h_7st5:l_7st5:F,0.8252,0.9762,0.8304,0.9676,0.8022,0.9609
8gv6:G_8gv6:H_8gv6:D,0.7966,0.7008,0.8452,0.4943,0.5103,0.482
7unb:H_7unb:L_7unb:R,0.9817,0.8778,0.9821,0.8518,0.2341,0.9338
7s07:X_7s07:Y_7s07:B,0.9702,0.205,0.9686,0.7851,0.3349,0.6899
7zxk:J_7zxk:I_7zxk:A,0.9863,0.8359,0.9913,0.897,0.838,0.834
7zxf:D_7zxf:E_7zxf:A,0.9893,0.7618,0.9922,0.8113,0.4865,0.7805
8fsj:H_8fsj:L_8fsj:E,0.9619,0.5518,0.9628,0.9299,0.3806,0.9605
7wh8:B_7wh8:A_7wh8:C,0.9781,0.7566,0.9815,0.7243,0.9269,0.6433
7wur:G_7wur:H_7wur:B,0.9479,0.6363,0.9517,0.8671,0.8024,0.85
7w71:I_7w71:M_7w71:B,0.9802,0.8975,0.9808,0.9274,0.858,0.7669
7ue9:H_7ue9:L_7ue9:C,0.8333,0.9354,0.8391,0.9512,0.1578,0.9961
8c7m:C_8c7m:D_8c7m:B,0.8223,0.9746,0.8342,0.9486,0.9139,0.9335
8tui:H_8tui:L_8tui:A,0.9686,0.3362,0.9858,0.9206,0.77,0.9314
8cde:D_8cde:C_8cde:B,0.9628,0.8338,0.9566,0.9707,0.7442,0.9638
7yds:B_7yds:C_7yds:A,0.9529,0.8054,0.956,0.9629,0.9016,0.9437
7xy8:H_7xy8:L_7xy8:A,0.9756,0.8806,0.9759,0.7983,0.5851,0.7374
8cz5:H_8cz5:L_8cz5:A,0.7503,0.906,0.7543,0.5513,0.2814,0.6707
7u9g:G_7u9g:D_7u9g:B,0.9608,0.7749,0.97,0.4215,0.3077,0.3633
7lx2:H_7lx2:L_7lx2:A,0.9541,0.211,0.977,0.9328,0.408,0.9309
8w86:A_8w86:B_8w86:C,0.8035,0.5494,0.8241,0.7251,0.5809,0.776
8so3:H_8so3:L_8so3:D,0.5686,0.8505,0.5051,0.8909,0.3249,0.877
8da0:B_8da0:A_8da0:E,0.7903,0.8318,0.7974,0.8143,0.4953,0.8162
8slb:H_8slb:L_8slb:A,0.7623,0.6618,0.9892,0.9505,0.8825,0.9418
7yk4:I_7yk4:M_7yk4:B,0.698,0.8765,0.695,0.8308,0.5285,0.4163
8ol9:B_8ol9:A_8ol9:H,0.8181,0.5073,0.8288,0.9906,0.7018,0.9902
8blq:E_8blq:C_8blq:D,0.945,0.6158,0.9461,0.8598,0.7603,0.8033
8db4:G_8db4:H_8db4:F,0.9902,0.7673,0.9916,0.9434,0.6088,0.9111
7tlz:B_7tlz:A_7tlz:J,0.9899,0.7894,0.9892,0.9563,0.9106,0.9411
8uf7:B_8uf7:A_8uf7:C,0.959,0.7209,0.9569,0.922,0.7067,0.7146
8x2l:H_8x2l:L_8x2l:B,0.9894,0.8655,0.9905,0.8974,0.8907,0.8962
8g4o:H_8g4o:L_8g4o:A,0.9893,0.9123,0.9836,0.9678,0.8332,0.9585
8de4:B_8de4:C_8de4:A,0.9914,0.9091,0.9905,0.9862,0.6984,0.988
8scx:H_8scx:L_8scx:C,0.9867,0.8397,0.9841,0.6933,0.8659,0.6338
8gng:H_8gng:L_8gng:A,0.98,0.9326,0.9806,0.9889,0.9732,0.9832
8da1:B_8da1:A_8da1:I,0.7888,0.6989,0.8009,0.966,0.7044,0.9417
8hpj:E_8hpj:F_8hpj:D,0.8062,0.7617,0.8464,0.964,0.7771,0.9639
7uvf:X_7uvf:Y_7uvf:B,0.9922,0.8043,0.992,0.9491,0.4695,0.952
7yms:F_7yms:E_7yms:A,0.9329,0.6281,0.9305,0.7477,0.2465,0.7291
7ura:H_7ura:L_7ura:A,0.9944,0.9487,0.9925,0.9883,0.9569,0.9861
8hry:H_8hry:L_8hry:B,0.977,0.7842,0.9766,0.2766,0.231,0.1712
8ath:H_8ath:L_8ath:A,0.9246,0.7893,0.9338,0.9795,0.8587,0.9769
8d1t:H_8d1t:L_8d1t:A,0.9758,0.954,0.9691,0.8959,0.165,0.8798
7x40:H_7x40:L_7x40:C,0.98,0.8574,0.9751,0.83,0.3188,0.827
8dke:A_8dke:B_8dke:P,0.9835,0.838,0.9829,0.8615,0.566,0.8458
7tn9:A_7tn9:B_7tn9:U,0.9905,0.9649,0.9842,0.5719,0.815,0.4063
7t82:H_7t82:L_7t82:B,0.9704,0.7746,0.9759,0.9525,0.1954,0.9725
8trs:A_8trs:G_8trs:D,0.7881,0.9526,0.7905,0.916,0.9463,0.8644
8caf:B_8caf:A_8caf:H,0.9843,0.3064,0.9898,0.9676,0.8644,0.9204
8dg9:H_8dg9:L_8dg9:A,0.984,0.8724,0.9813,0.5332,0.5035,0.4817
7tn9:Q_7tn9:R_7tn9:V,0.986,0.5039,0.9872,0.3001,0.4381,0.2383
7t87:H_7t87:L_7t87:A,0.9867,0.7617,0.9928,0.9274,0.9463,0.8959
8d5c:H_8d5c:L_8d5c:D,0.9555,0.3087,0.9557,0.9477,0.6838,0.9334
7yv1:H_7yv1:L_7yv1:A,0.9893,0.5968,0.9911,0.8682,0.1299,0.9465
7yp1:D_7yp1:G_7yp1:A,0.9532,0.6575,0.8011,0.5902,0.3459,0.6098
8j7u:E_8j7u:C_8j7u:A,0.9902,0.8689,0.9903,0.9402,0.8801,0.9288
8e6k:H_8e6k:L_8e6k:A,0.9735,0.7781,0.9789,0.9573,0.8503,0.9493
7zoz:H_7zoz:L_7zoz:A,0.8893,0.8656,0.8874,0.9651,0.2064,0.9729
8ejj:H_8ejj:L_8ejj:c,0.9504,0.7289,0.9634,0.5638,0.1892,0.659
8g3z:E_8g3z:F_8g3z:D,0.9618,0.5518,0.9877,0.9672,0.4034,0.9641
7up9:H_7up9:L_7up9:G,0.9775,0.8817,0.8305,0.6586,0.5377,0.6336
7zmk:J_7zmk:K_7zmk:L,0.9873,0.8016,0.9876,0.9889,0.9176,0.9915
7ox1:H_7ox1:L_7ox1:X,0.9715,0.7665,0.9757,0.8831,0.4748,0.7538
8hii:H_8hii:L_8hii:A,0.7525,0.2168,0.7534,0.9291,0.6656,0.9281
8dua:D_8dua:E_8dua:A,0.7864,0.3027,0.8006,0.3696,0.2509,0.4443
7sk8:F_7sk8:E_7sk8:A,0.9704,0.7903,0.8539,0.8961,0.4079,0.9051
7fbi:H_7fbi:L_7fbi:A,0.9335,0.6536,0.724,0.5182,0.5214,0.4965
7yp2:H_7yp2:L_7yp2:A,0.9794,0.9239,0.9694,0.9375,0.874,0.9211
8fjb:E_8fjb:D_8fjb:A,0.9817,0.8294,0.9836,0.7036,0.3937,0.6329
8j7e:A_8j7e:B_8j7e:F,0.7037,0.6144,0.7015,0.9293,0.8521,0.8052
8der:X_8der:Y_8der:B,0.9809,0.5004,0.8321,0.7885,0.7089,0.8854
7uja:B_7uja:D_7uja:A,0.9706,0.4836,0.8042,0.3059,0.4878,0.3007
8epa:H_8epa:L_8epa:I,0.958,0.3117,0.9462,0.874,0.5175,0.8608
8xej:H_8xej:L_8xej:X,0.9916,0.3333,0.9911,0.9518,0.6589,0.9502
8jlw:H_8jlw:L_8jlw:A,0.9644,0.8484,0.9507,0.7791,0.2232,0.6832
7y3n:H_7y3n:L_7y3n:A,0.8188,0.231,0.8444,0.979,0.9135,0.9654
8t03:C_8t03:D_8t03:A,0.985,0.8972,0.9822,0.9616,0.661,0.9524
8caf:D_8caf:C_8caf:G,0.9423,0.368,0.9461,0.9471,0.6929,0.9591
8gh4:H_8gh4:L_8gh4:E,0.5708,0.6854,0.9636,0.7572,0.5342,0.7773
7yru:H_7yru:L_7yru:A,0.9156,0.8231,0.9215,0.8739,0.4667,0.7064
7txw:H_7txw:L_7txw:A,0.9836,0.8624,0.9816,0.9089,0.759,0.798
7urx:H_7urx:L_7urx:C,0.7166,0.2707,0.7335,0.9093,0.8483,0.8966
7t4g:H_7t4g:L_7t4g:A,0.9549,0.2158,0.9856,0.8988,0.4196,0.8891
7fah:C_7fah:D_7fah:B,0.9872,0.8887,0.9852,0.9672,0.1991,0.958
8ghp:H_8ghp:L_8ghp:A,0.763,0.6632,0.7845,0.9206,0.6023,0.9518
7zqt:C_7zqt:D_7zqt:A,0.7924,0.7275,0.803,0.9894,0.6854,0.9903
8f6i:F_8f6i:E_8f6i:B,0.9767,0.8868,0.9738,0.7805,0.9097,0.7801
7t0l:G_7t0l:K_7t0l:E,0.9894,0.6547,0.9892,0.9702,0.5849,0.964
8dcy:A_8dcy:B_8dcy:C,0.9781,0.5081,0.978,0.9394,0.6257,0.9311
7srs:Q_7srs:P_7srs:R,0.9425,0.6944,0.8265,0.9006,0.6436,0.8853
7yp1:D_7yp1:G_7yp1:B,0.957,0.3284,0.7962,0.5888,0.5728,0.284
8acf:H_8acf:L_8acf:A,0.8989,0.8604,0.9043,0.9489,0.8476,0.9412
8u4v:H_8u4v:L_8u4v:A,0.8689,0.6156,0.8729,0.9132,0.5689,0.9397
8fgx:B_8fgx:A_8fgx:C,0.9916,0.9012,0.9923,0.9614,0.8581,0.9691
8dl7:D_8dl7:C_8dl7:A,0.7864,0.8823,0.8057,0.9793,0.8949,0.9762
7sk8:D_7sk8:C_7sk8:B,0.9644,0.3925,0.9848,0.8492,0.6153,0.6429
7z2m:D_7z2m:C_7z2m:G,0.9876,0.8662,0.9888,0.7953,0.7855,0.5763
7t25:A_7t25:B_7t25:C,0.9895,0.6894,0.9906,0.9724,0.643,0.9708
7vng:H_7vng:L_7vng:D,0.8667,0.5937,0.8698,0.9118,0.6154,0.8605
7str:H_7str:L_7str:C,0.8477,0.7579,0.8534,0.9657,0.2804,0.939
7ty0:J_7ty0:N_7ty0:D,0.9888,0.8556,0.9886,0.8687,0.2611,0.8486
8f5n:H_8f5n:L_8f5n:A,0.8251,0.8161,0.8286,0.9848,0.6031,0.9932
8dfi:H_8dfi:L_8dfi:A,0.6901,0.9389,0.7035,0.9344,0.8443,0.9188
7tpd:H_7tpd:L_7tpd:A,0.9855,0.8936,0.9855,0.9901,0.8767,0.989
7urf:O_7urf:P_7urf:A,0.9795,0.8244,0.9746,0.9866,0.2492,0.9893
8jhc:H_8jhc:L_8jhc:R,0.7678,0.6229,0.7748,0.8307,0.9243,0.9061
8bk2:H_8bk2:L_8bk2:A,0.9907,0.9744,0.9903,0.9002,0.9507,0.833
8jnk:L_8jnk:P_8jnk:C,0.8544,0.507,0.8585,0.9903,0.9238,0.9866
8tfn:H_8tfn:L_8tfn:B,0.9797,0.8321,0.9787,0.9726,0.7336,0.9705
8f5i:X_8f5i:Y_8f5i:A,0.8377,0.835,0.8423,0.9295,0.5939,0.9096
8hlb:B_8hlb:C_8hlb:A,0.9843,0.7562,0.9845,0.8118,0.6896,0.6805
8tco:E_8tco:D_8tco:A,0.9651,0.4469,0.9649,0.8695,0.3057,0.915
8a44:C_8a44:D_8a44:A,0.9851,0.7877,0.9892,0.9421,0.3467,0.9514
7wn8:P_7wn8:Q_7wn8:C,0.7584,0.7494,0.7566,0.9706,0.7859,0.9422
8ds5:C_8ds5:B_8ds5:A,0.8395,0.9224,0.8428,0.9149,0.7613,0.8958
7usl:H_7usl:L_7usl:C,0.982,0.8664,0.9849,0.963,0.9577,0.9588
7wsi:H_7wsi:L_7wsi:A,0.8674,0.9086,0.8604,0.7984,0.4734,0.8176
8tco:F_8tco:G_8tco:C,0.9788,0.8083,0.9854,0.3654,0.433,0.345
8dn6:E_8dn6:F_8dn6:B,0.8293,0.8347,0.8372,0.8903,0.6361,0.9137
7uvq:C_7uvq:B_7uvq:A,0.6871,0.7504,0.6772,0.9033,0.825,0.8784
8p8j:F_8p8j:E_8p8j:A,0.979,0.3782,0.9788,0.9744,0.4226,0.9804
7y1b:H_7y1b:L_7y1b:A,0.9842,0.9168,0.9821,0.9362,0.8703,0.9245
7umn:H_7umn:L_7umn:A,0.9773,0.8295,0.9758,0.9047,0.9326,0.8808
7tuf:H_7tuf:L_7tuf:D,0.9858,0.6415,0.9852,0.8895,0.3834,0.8867
7zwm:G_7zwm:H_7zwm:F,0.6974,0.4827,0.6825,0.8614,0.635,0.8409
7qu2:A_7qu2:B_7qu2:C,0.7938,0.7373,0.8042,0.9834,0.9223,0.9703
7yoy:E_7yoy:I_7yoy:C,0.9597,0.3151,0.9648,0.9512,0.8004,0.9177
8r8d:H_8r8d:L_8r8d:A,0.9414,0.6405,0.9771,0.9957,0.9691,0.9938
8awm:H_8awm:L_8awm:A,0.6507,0.7413,0.7222,0.9716,0.597,0.9725
7quh:H_7quh:L_7quh:A,0.9879,0.867,0.9886,0.9623,0.479,0.982
8euq:I_8euq:H_8euq:G,0.7268,0.2454,0.7158,0.4812,0.1488,0.5731
8hc7:H_8hc7:L_8hc7:C,0.934,0.7253,0.9063,0.5282,0.2893,0.6157
7u5b:H_7u5b:L_7u5b:I,0.8049,0.8041,0.8106,0.9457,0.5069,0.946
7vgr:D_7vgr:C_7vgr:A,0.9868,0.6506,0.9879,0.7212,0.5108,0.7175
8thn:A_8thn:B_8thn:C,0.9903,0.9302,0.9902,0.9171,0.8319,0.8899
8tlm:A_8tlm:B_8tlm:C,0.975,0.7031,0.9765,0.9037,0.626,0.8914
8eed:H_8eed:L_8eed:A,0.957,0.6509,0.9746,0.9613,0.7604,0.9585
8dyx:H_8dyx:L_8dyx:I,0.9875,0.8074,0.9872,0.1748,0.3827,0.1704
8d7e:F_8d7e:G_8d7e:C,0.9828,0.683,0.9846,0.9449,0.9128,0.9311
7z4t:H_7z4t:L_7z4t:I,0.8283,0.8772,0.8425,0.9696,0.8995,0.9476
7s7i:I_7s7i:M_7s7i:B,0.846,0.9095,0.8518,0.9707,0.9395,0.9256
7sbz:H_7sbz:L_7sbz:C,0.9842,0.8338,0.9843,0.9751,0.4198,0.9931
8djm:H_8djm:L_8djm:B,0.9844,0.8911,0.9841,0.9123,0.2731,0.9325
7tuy:H_7tuy:L_7tuy:R,0.7723,0.7183,0.7801,0.8915,0.9446,0.9103
8dww:H_8dww:L_8dww:N,0.946,0.6685,0.9323,0.6788,0.6806,0.7042
7yxu:H_7yxu:L_7yxu:A,0.9764,0.5809,0.9811,0.8442,0.821,0.8588
7r58:H_7r58:L_7r58:A,0.9885,0.8085,0.9912,0.9832,0.9028,0.9716
8djm:H_8djm:L_8djm:A,0.9792,0.9209,0.977,0.9427,0.5087,0.9595
8gq1:H_8gq1:L_8gq1:C,0.9874,0.899,0.9861,0.9806,0.89,0.972
8oxx:B_8oxx:C_8oxx:A,0.9775,0.6848,0.978,0.9643,0.7849,0.9585
8dpl:F_8dpl:G_8dpl:I,0.9834,0.8491,0.9842,0.4718,0.7569,0.3056
8cyh:H_8cyh:L_8cyh:M,0.677,0.811,0.9216,0.6772,0.5902,0.7165
8dmh:F_8dmh:E_8dmh:A,0.9581,0.5858,0.9551,0.755,0.3617,0.8384
8dk6:H_8dk6:L_8dk6:E,0.9651,0.8364,0.9666,0.866,0.7812,0.8321
8c7h:L_8c7h:K_8c7h:I,0.8791,0.4519,0.872,0.9622,0.6296,0.9635
8hit:A_8hit:B_8hit:C,0.987,0.7924,0.9886,0.9563,0.8427,0.9608
7ur4:F_7ur4:G_7ur4:B,0.9791,0.7935,0.9794,0.4456,0.6065,0.4555
8ipc:H_8ipc:L_8ipc:A,0.9886,0.9814,0.9856,0.8131,0.3398,0.8105
8dz3:H_8dz3:L_8dz3:I,0.9894,0.8773,0.9864,0.2002,0.401,0.212
8il3:B_8il3:A_8il3:C,0.9621,0.6871,0.9598,0.9076,0.3037,0.9007
8c7h:L_8c7h:K_8c7h:D,0.8569,0.6034,0.8632,0.6438,0.2762,0.6875
8dg8:H_8dg8:L_8dg8:B,0.9344,0.4529,0.9478,0.6581,0.5624,0.627
8ag1:H_8ag1:L_8ag1:A,0.9647,0.8115,0.9642,0.936,0.8726,0.8681
8df1:M_8df1:N_8df1:B,0.9804,0.8136,0.9822,0.9923,0.8312,0.9917
7sx6:H_7sx6:L_7sx6:G,0.9795,0.899,0.9816,0.9795,0.8801,0.9745
7x26:H_7x26:K_7x26:I,0.9614,0.6185,0.9599,0.9518,0.6336,0.9528
7sbg:H_7sbg:L_7sbg:C,0.8697,0.9484,0.8734,0.9741,0.8828,0.9688
8ag1:h_8ag1:l_8ag1:a,0.8705,0.794,0.8715,0.8703,0.8133,0.221
8esv:H_8esv:L_8esv:A,0.9868,0.8818,0.9812,0.6078,0.8418,0.6126
7t92:H_7t92:L_7t92:B,0.9644,0.6647,0.9686,0.6268,0.7029,0.6106
8cn9:G_8cn9:F_8cn9:I,0.8198,0.6833,0.8229,0.4732,0.365,0.6354
8b7h:H_8b7h:L_8b7h:A,0.7871,0.6548,0.8146,0.8758,0.5128,0.7792
8gy5:H_8gy5:L_8gy5:P,0.8243,0.9008,0.8388,0.9336,0.5271,0.9376
8tco:E_8tco:D_8tco:B,0.962,0.4379,0.9765,0.6104,0.6075,0.6481
8diu:G_8diu:C_8diu:D,0.9702,0.3802,0.9804,0.8936,0.5679,0.8823
7sjn:D_7sjn:E_7sjn:B,0.9514,0.675,0.939,0.9701,0.5845,0.969
8j9k:D_8j9k:B_8j9k:C,0.9744,0.6422,0.8108,0.8673,0.8079,0.8529
8tea:H_8tea:G_8tea:C,0.963,0.8038,0.7934,0.8074,0.4738,0.7867
8dn7:D_8dn7:H_8dn7:E,0.9873,0.7756,0.9928,0.9461,0.7852,0.9324
7x8p:F_7x8p:E_7x8p:D,0.9603,0.8122,0.9551,0.962,0.8781,0.9307
7zlk:H_7zlk:L_7zlk:D,0.9629,0.3731,0.9701,0.8962,0.5813,0.8899
8gsp:H_8gsp:L_8gsp:3,0.9649,0.6535,0.9796,0.7819,0.6055,0.733
8tea:F_8tea:I_8tea:D,0.9674,0.6565,0.9605,0.5422,0.281,0.5233
8f6o:A_8f6o:B_8f6o:C,0.9845,0.7578,0.9877,0.9617,0.8204,0.9485
Mean,0.9181,0.7213,0.917,0.8502,0.6271,0.8292
